Workbook

Sheet Overview & Stats
A1: Striver's A2Z DSA Sheet - Curriculum Dashboard
A2: High-level module distribution, problem counts, and study roadmap tracking
A4: Step # | B4: Module Name | C4: Topic Focus | D4: Problem Count | E4: Status
A5: Step 1 | B5: Learn the Basics | C5: Language syntax, Basic Maths, Recursion, Hashing, Patterns | D5: =COUNTIF('All 476 Problems'!C5:C480, "*Step 1*") | E5: In Progress
A6: Step 2 | B6: Learn Important Sorting Techniques | C6: Selection, Bubble, Insertion, Merge, Quick Sort | D6: =COUNTIF('All 476 Problems'!C5:C480, "*Step 2*") | E6: In Progress
A7: Step 3 | B7: Solve Problems on Arrays | C7: Easy, Medium, and Hard array manipulation & algorithmic patterns | D7: =COUNTIF('All 476 Problems'!C5:C480, "*Step 3*") | E7: In Progress
A8: Step 4 | B8: Binary Search | C8: 1D Binary Search, Search Space/Answers, 2D Array Matrix Search | D8: =COUNTIF('All 476 Problems'!C5:C480, "*Step 4*") | E8: In Progress
A9: Step 5 | B9: Strings [Basic and Medium] | C9: String transformations, palindrome, frequency, parsing | D9: =COUNTIF('All 476 Problems'!C5:C480, "*Step 5*") | E9: In Progress
A10: Step 6 | B10: Learn LinkedList [Singly, Doubly, Medium, Hard] | C10: 1D LL, Doubly LL, fast/slow pointer, reversal, flattening, cloning | D10: =COUNTIF('All 476 Problems'!C5:C480, "*Step 6*") | E10: In Progress
A11: Step 7 | B11: Recursion [Pattern-wise] | C11: Subsequences, combination sums, backtracking, N-Queens, Sudoku | D11: =COUNTIF('All 476 Problems'!C5:C480, "*Step 7*") | E11: In Progress
A12: Step 8 | B12: Bit Manipulation | C12: Bitwise operators, power sets, XOR properties, prime sieves | D12: =COUNTIF('All 476 Problems'!C5:C480, "*Step 8*") | E12: In Progress
A13: Step 9 | B13: Stack and Queues | C13: Monotonic Stack/Queue, conversions, LRU/LFU cache, histograms | D13: =COUNTIF('All 476 Problems'!C5:C480, "*Step 9*") | E13: In Progress
A14: Step 10 | B14: Sliding Window & Two Pointer | C14: Substrings with conditions, variable and fixed size window patterns | D14: =COUNTIF('All 476 Problems'!C5:C480, "*Step 10*") | E14: In Progress
A15: Step 11 | B15: Heaps [Learning, Medium, Hard] | C15: Priority Queues, Top-K, Median from Data Stream, K-sorted lists | D15: =COUNTIF('All 476 Problems'!C5:C480, "*Step 11*") | E15: In Progress
A16: Step 12 | B16: Greedy Algorithms | C16: Activity selection, interval scheduling, knapsack, Jump Game | D16: =COUNTIF('All 476 Problems'!C5:C480, "*Step 12*") | E16: In Progress
A17: Step 13 | B17: Binary Trees | C17: Traversals, Views, LCA, Width, Burn Tree, Construction, Morris traversal | D17: =COUNTIF('All 476 Problems'!C5:C480, "*Step 13*") | E17: In Progress
A18: Step 14 | B18: Binary Search Trees | C18: BST validation, Floor/Ceil, Iterator, Correcting inverted nodes | D18: =COUNTIF('All 476 Problems'!C5:C480, "*Step 14*") | E18: In Progress
A19: Step 15 | B19: Graphs | C19: BFS/DFS, Topological Sort, Dijkstra, Bellman-Ford, Floyd-Warshall, DSU, MST | D19: =COUNTIF('All 476 Problems'!C5:C480, "*Step 15*") | E19: In Progress
A20: Step 16 | B20: Dynamic Programming | C20: 1D, Grids, Subsequences, Strings, Stocks, LIS, MCM, Partition | D20: =COUNTIF('All 476 Problems'!C5:C480, "*Step 16*") | E20: In Progress
A21: Step 17 | B21: Tries | C21: Prefix tree insert/search, word dictionary, XOR optimization | D21: =COUNTIF('All 476 Problems'!C5:C480, "*Step 17*") | E21: In Progress
A22: Step 18 | B22: Advanced Strings | C22: KMP, Rabin-Karp, Z-Algorithm, Longest prefix matching | D22: =COUNTIF('All 476 Problems'!C5:C480, "*Step 18*") | E22: In Progress
A23: Total | B23: All 18 Major Steps | C23: Full A2Z Roadmap Syllabus | D23: =SUM(D5:D22) | E23: Master Tracker

Sheet All 476 Problems
A1: Striver's A2Z DSA Sheet - Complete 476 Problem Master Tracker
A2: Systematic syllabus mapping every concept and practice problem with its corresponding LeetCode problem link
A4: ID | B4: Status | C4: Step / Phase | D4: Topic / Sub-step | E4: Problem Name | F4: Difficulty | G4: LeetCode URL | H4: YouTube Solution Link
A5: 1 | B5: Todo | C5: Step 1: Learn the Basics | D5: Basic Maths | E5: Count Digits | F5: Easy | G5: =HYPERLINK("https://leetcode.com/problems/count-digits/", "LeetCode Practice") | H5: =HYPERLINK("https://www.youtube.com/results?search_query=takeUforward+Count+Digits", "YouTube Video")
A6: 2 | B6: Todo | C6: Step 1: Learn the Basics | D6: Basic Maths | E6: Reverse a Number | F6: Medium | G6: =HYPERLINK("https://leetcode.com/problems/reverse-integer/", "LeetCode Practice") | H6: =HYPERLINK("https://www.youtube.com/results?search_query=takeUforward+Reverse+a+Number", "YouTube Video")
A7: 3 | B7: Todo | C7: Step 1: Learn the Basics | D7: Basic Maths | E7: Check Palindrome | F7: Easy | G7: =HYPERLINK("https://leetcode.com/problems/palindrome-number/", "LeetCode Practice") | H7: =HYPERLINK("https://www.youtube.com/results?search_query=takeUforward+Check+Palindrome", "YouTube Video")
A8: 4 | B8: Todo | C8: Step 1: Learn the Basics | D8: Basic Maths | E8: GCD Or HCF | F8: Easy | G8: =HYPERLINK("https://leetcode.com/problems/find-greatest-common-divisor-of-array/", "LeetCode Practice") | H8: =HYPERLINK("https://www.youtube.com/results?search_query=takeUforward+GCD+Or+HCF", "YouTube Video")
A9: 5 | B9: Todo | C9: Step 1: Learn the Basics | D9: Basic Maths | E9: Armstrong Numbers | F9: Easy | G9: =HYPERLINK("https://leetcode.com/problems/armstrong-number/", "LeetCode Practice") | H9: =HYPERLINK("https://www.youtube.com/results?search_query=takeUforward+Armstrong+Numbers", "YouTube Video")
A10: 6 | B10: Todo | C10: Step 1: Learn the Basics | D10: Basic Maths | E10: Print all Divisors | F10: Easy | G10: =HYPERLINK("https://leetcode.com/problems/three-divisors/", "LeetCode Practice") | H10: =HYPERLINK("https://www.youtube.com/results?search_query=takeUforward+Print+all+Divisors", "YouTube Video")
A11: 7 | B11: Todo | C11: Step 1: Learn the Basics | D11: Basic Maths | E11: Check for Prime | F11: Easy | G11: =HYPERLINK("https://leetcode.com/problems/count-primes/", "LeetCode Practice") | H11: =HYPERLINK("https://www.youtube.com/results?search_query=takeUforward+Check+for+Prime", "YouTube Video")
A12: 8 | B12: Todo | C12: Step 1: Learn the Basics | D12: Basic Recursion | E12: Understand Recursion by Print 1 to N | F12: Easy | G12: =HYPERLINK("https://leetcode.com/problems/print-in-order/", "LeetCode Practice") | H12: =HYPERLINK("https://www.youtube.com/results?search_query=takeUforward+Understand+Recursion+by+Print+1+to+N", "YouTube Video")
A13: 9 | B13: Todo | C13: Step 1: Learn the Basics | D13: Basic Recursion | E13: Print N to 1 using Recursion | F13: Easy | G13: =HYPERLINK("https://leetcode.com/problems/fizz-buzz/", "LeetCode Practice") | H13: =HYPERLINK("https://www.youtube.com/results?search_query=takeUforward+Print+N+to+1+using+Recursion", "YouTube Video")
A14: 10 | B14: Todo | C14: Step 1: Learn the Basics | D14: Basic Recursion | E14: Sum of first N numbers | F14: Easy | G14: =HYPERLINK("https://leetcode.com/problems/running-sum-of-1d-array/", "LeetCode Practice") | H14: =HYPERLINK("https://www.youtube.com/results?search_query=takeUforward+Sum+of+first+N+numbers", "YouTube Video")
A15: 11 | B15: Todo | C15: Step 1: Learn the Basics | D15: Basic Recursion | E15: Factorial of N numbers | F15: Easy | G15: =HYPERLINK("https://leetcode.com/problems/climbing-stairs/", "LeetCode Practice") | H15: =HYPERLINK("https://www.youtube.com/results?search_query=takeUforward+Factorial+of+N+numbers", "YouTube Video")
A16: 12 | B16: Todo | C16: Step 1: Learn the Basics | D16: Basic Recursion | E16: Reverse an Array | F16: Easy | G16: =HYPERLINK("https://leetcode.com/problems/reverse-string/", "LeetCode Practice") | H16: =HYPERLINK("https://www.youtube.com/results?search_query=takeUforward+Reverse+an+Array", "YouTube Video")
A17: 13 | B17: Todo | C17: Step 1: Learn the Basics | D17: Basic Recursion | E17: Check if a String is Palindrome | F17: Easy | G17: =HYPERLINK("https://leetcode.com/problems/valid-palindrome/", "LeetCode Practice") | H17: =HYPERLINK("https://www.youtube.com/results?search_query=takeUforward+Check+if+a+String+is+Palindrome", "YouTube Video")
A18: 14 | B18: Todo | C18: Step 1: Learn the Basics | D18: Basic Recursion | E18: Fibonacci Number | F18: Easy | G18: =HYPERLINK("https://leetcode.com/problems/fibonacci-number/", "LeetCode Practice") | H18: =HYPERLINK("https://www.youtube.com/results?search_query=takeUforward+Fibonacci+Number", "YouTube Video")
A19: 15 | B19: Todo | C19: Step 1: Learn the Basics | D19: Basic Hashing | E19: Counting Frequencies of Array Elements | F19: Easy | G19: =HYPERLINK("https://leetcode.com/problems/frequency-of-the-most-frequent-element/", "LeetCode Practice") | H19: =HYPERLINK("https://www.youtube.com/results?search_query=takeUforward+Counting+Frequencies+of+Array+Elements", "YouTube Video")
A20: 16 | B20: Todo | C20: Step 1: Learn the Basics | D20: Basic Hashing | E20: Find the Highest/Lowest Frequency Element | F20: Easy | G20: =HYPERLINK("https://leetcode.com/problems/top-k-frequent-elements/", "LeetCode Practice") | H20: =HYPERLINK("https://www.youtube.com/results?search_query=takeUforward+Find+the+Highest+Lowest+Frequency+Element", "YouTube Video")
A21: 17 | B21: Todo | C21: Step 2: Sorting Techniques | D21: Sorting-I | E21: Selection Sort | F21: Easy | G21: =HYPERLINK("https://leetcode.com/problems/sort-an-array/", "LeetCode Practice") | H21: =HYPERLINK("https://www.youtube.com/results?search_query=takeUforward+Selection+Sort", "YouTube Video")
A22: 18 | B22: Todo | C22: Step 2: Sorting Techniques | D22: Sorting-I | E22: Bubble Sort | F22: Easy | G22: =HYPERLINK("https://leetcode.com/problems/sort-an-array/", "LeetCode Practice") | H22: =HYPERLINK("https://www.youtube.com/results?search_query=takeUforward+Bubble+Sort", "YouTube Video")
A23: 19 | B23: Todo | C23: Step 2: Sorting Techniques | D23: Sorting-I | E23: Insertion Sort | F23: Easy | G23: =HYPERLINK("https://leetcode.com/problems/insertion-sort-list/", "LeetCode Practice") | H23: =HYPERLINK("https://www.youtube.com/results?search_query=takeUforward+Insertion+Sort", "YouTube Video")
A24: 20 | B24: Todo | C24: Step 2: Sorting Techniques | D24: Sorting-II | E24: Merge Sort | F24: Medium | G24: =HYPERLINK("https://leetcode.com/problems/sort-an-array/", "LeetCode Practice") | H24: =HYPERLINK("https://www.youtube.com/results?search_query=takeUforward+Merge+Sort", "YouTube Video")
A25: 21 | B25: Todo | C25: Step 2: Sorting Techniques | D25: Sorting-II | E25: Recursive Bubble Sort | F25: Easy | G25: =HYPERLINK("https://leetcode.com/problems/sort-colors/", "LeetCode Practice") | H25: =HYPERLINK("https://www.youtube.com/results?search_query=takeUforward+Recursive+Bubble+Sort", "YouTube Video")
A26: 22 | B26: Todo | C26: Step 2: Sorting Techniques | D26: Sorting-II | E26: Recursive Insertion Sort | F26: Easy | G26: =HYPERLINK("https://leetcode.com/problems/sort-an-array/", "LeetCode Practice") | H26: =HYPERLINK("https://www.youtube.com/results?search_query=takeUforward+Recursive+Insertion+Sort", "YouTube Video")
A27: 23 | B27: Todo | C27: Step 2: Sorting Techniques | D27: Sorting-II | E27: Quick Sort | F27: Medium | G27: =HYPERLINK("https://leetcode.com/problems/sort-an-array/", "LeetCode Practice") | H27: =HYPERLINK("https://www.youtube.com/results?search_query=takeUforward+Quick+Sort", "YouTube Video")
A28: 24 | B28: Todo | C28: Step 3: Arrays | D28: Easy | E28: Largest Element in an Array | F28: Easy | G28: =HYPERLINK("https://leetcode.com/problems/third-maximum-number/", "LeetCode Practice") | H28: =HYPERLINK("https://www.youtube.com/results?search_query=takeUforward+Largest+Element+in+an+Array", "YouTube Video")
A29: 25 | B29: Todo | C29: Step 3: Arrays | D29: Easy | E29: Second Largest Element in an Array | F29: Easy | G29: =HYPERLINK("https://leetcode.com/problems/second-minimum-node-in-a-binary-tree/", "LeetCode Practice") | H29: =HYPERLINK("https://www.youtube.com/results?search_query=takeUforward+Second+Largest+Element+in+an+Array", "YouTube Video")
A30: 26 | B30: Todo | C30: Step 3: Arrays | D30: Easy | E30: Check if the array is sorted | F30: Easy | G30: =HYPERLINK("https://leetcode.com/problems/check-if-array-is-sorted-and-rotated/", "LeetCode Practice") | H30: =HYPERLINK("https://www.youtube.com/results?search_query=takeUforward+Check+if+the+array+is+sorted", "YouTube Video")
A31: 27 | B31: Todo | C31: Step 3: Arrays | D31: Easy | E31: Remove duplicates from Sorted array | F31: Easy | G31: =HYPERLINK("https://leetcode.com/problems/remove-duplicates-from-sorted-array/", "LeetCode Practice") | H31: =HYPERLINK("https://www.youtube.com/results?search_query=takeUforward+Remove+duplicates+from+Sorted+array", "YouTube Video")
A32: 28 | B32: Todo | C32: Step 3: Arrays | D32: Easy | E32: Left Rotate an array by one place | F32: Easy | G32: =HYPERLINK("https://leetcode.com/problems/rotate-array/", "LeetCode Practice") | H32: =HYPERLINK("https://www.youtube.com/results?search_query=takeUforward+Left+Rotate+an+array+by+one+place", "YouTube Video")
A33: 29 | B33: Todo | C33: Step 3: Arrays | D33: Easy | E33: Left rotate an array by D places | F33: Medium | G33: =HYPERLINK("https://leetcode.com/problems/rotate-array/", "LeetCode Practice") | H33: =HYPERLINK("https://www.youtube.com/results?search_query=takeUforward+Left+rotate+an+array+by+D+places", "YouTube Video")
A34: 30 | B34: Todo | C34: Step 3: Arrays | D34: Easy | E34: Move Zeros to end | F34: Easy | G34: =HYPERLINK("https://leetcode.com/problems/move-zeroes/", "LeetCode Practice") | H34: =HYPERLINK("https://www.youtube.com/results?search_query=takeUforward+Move+Zeros+to+end", "YouTube Video")
A35: 31 | B35: Todo | C35: Step 3: Arrays | D35: Easy | E35: Linear Search | F35: Easy | G35: =HYPERLINK("https://leetcode.com/problems/find-target-indices-after-sorting-array/", "LeetCode Practice") | H35: =HYPERLINK("https://www.youtube.com/results?search_query=takeUforward+Linear+Search", "YouTube Video")
A36: 32 | B36: Todo | C36: Step 3: Arrays | D36: Easy | E36: Find the Union and Intersection of two sorted arrays | F36: Easy | G36: =HYPERLINK("https://leetcode.com/problems/intersection-of-two-arrays/", "LeetCode Practice") | H36: =HYPERLINK("https://www.youtube.com/results?search_query=takeUforward+Find+the+Union+and+Intersection+of+two+sorted+arrays", "YouTube Video")
A37: 33 | B37: Todo | C37: Step 3: Arrays | D37: Easy | E37: Find missing number in an array | F37: Easy | G37: =HYPERLINK("https://leetcode.com/problems/missing-number/", "LeetCode Practice") | H37: =HYPERLINK("https://www.youtube.com/results?search_query=takeUforward+Find+missing+number+in+an+array", "YouTube Video")
A38: 34 | B38: Todo | C38: Step 3: Arrays | D38: Easy | E38: Max Consecutive Ones | F38: Easy | G38: =HYPERLINK("https://leetcode.com/problems/max-consecutive-ones/", "LeetCode Practice") | H38: =HYPERLINK("https://www.youtube.com/results?search_query=takeUforward+Max+Consecutive+Ones", "YouTube Video")
A39: 35 | B39: Todo | C39: Step 3: Arrays | D39: Easy | E39: Find the number that appears once, and other numbers twice | F39: Easy | G39: =HYPERLINK("https://leetcode.com/problems/single-number/", "LeetCode Practice") | H39: =HYPERLINK("https://www.youtube.com/results?search_query=takeUforward+Find+the+number+that+appears+once%2C+and+other+numbers+twice", "YouTube Video")
A40: 36 | B40: Todo | C40: Step 3: Arrays | D40: Easy | E40: Longest Subarray with given Sum K (Positives) | F40: Medium | G40: =HYPERLINK("https://leetcode.com/problems/maximum-size-subarray-sum-equals-k/", "LeetCode Practice") | H40: =HYPERLINK("https://www.youtube.com/results?search_query=takeUforward+Longest+Subarray+with+given+Sum+K+%28Positives%29", "YouTube Video")
A41: 37 | B41: Todo | C41: Step 3: Arrays | D41: Easy | E41: Longest Subarray with sum K (Positives + Negatives) | F41: Medium | G41: =HYPERLINK("https://leetcode.com/problems/subarray-sum-equals-k/", "LeetCode Practice") | H41: =HYPERLINK("https://www.youtube.com/results?search_query=takeUforward+Longest+Subarray+with+sum+K+%28Positives+%2B+Negatives%29", "YouTube Video")
A42: 38 | B42: Todo | C42: Step 3: Arrays | D42: Medium | E42: 2Sum Problem | F42: Easy | G42: =HYPERLINK("https://leetcode.com/problems/two-sum/", "LeetCode Practice") | H42: =HYPERLINK("https://www.youtube.com/results?search_query=takeUforward+2Sum+Problem", "YouTube Video")
A43: 39 | B43: Todo | C43: Step 3: Arrays | D43: Medium | E43: Sort an array of 0s, 1s and 2s (Dutch National Flag) | F43: Medium | G43: =HYPERLINK("https://leetcode.com/problems/sort-colors/", "LeetCode Practice") | H43: =HYPERLINK("https://www.youtube.com/results?search_query=takeUforward+Sort+an+array+of+0s%2C+1s+and+2s+%28Dutch+National+Flag%29", "YouTube Video")
A44: 40 | B44: Todo | C44: Step 3: Arrays | D44: Medium | E44: Majority Element (> n/2 times) | F44: Easy | G44: =HYPERLINK("https://leetcode.com/problems/majority-element/", "LeetCode Practice") | H44: =HYPERLINK("https://www.youtube.com/results?search_query=takeUforward+Majority+Element+%28%3E+n+2+times%29", "YouTube Video")
A45: 41 | B45: Todo | C45: Step 3: Arrays | D45: Medium | E45: Maximum Subarray Sum (Kadane's Algorithm) | F45: Medium | G45: =HYPERLINK("https://leetcode.com/problems/maximum-subarray/", "LeetCode Practice") | H45: =HYPERLINK("https://www.youtube.com/results?search_query=takeUforward+Maximum+Subarray+Sum+%28Kadane%27s+Algorithm%29", "YouTube Video")
A46: 42 | B46: Todo | C46: Step 3: Arrays | D46: Medium | E46: Print subarray with maximum subarray sum | F46: Medium | G46: =HYPERLINK("https://leetcode.com/problems/maximum-subarray/", "LeetCode Practice") | H46: =HYPERLINK("https://www.youtube.com/results?search_query=takeUforward+Print+subarray+with+maximum+subarray+sum", "YouTube Video")
A47: 43 | B47: Todo | C47: Step 3: Arrays | D47: Medium | E47: Stock Buy and Sell | F47: Easy | G47: =HYPERLINK("https://leetcode.com/problems/best-time-to-buy-and-sell-stock/", "LeetCode Practice") | H47: =HYPERLINK("https://www.youtube.com/results?search_query=takeUforward+Stock+Buy+and+Sell", "YouTube Video")
A48: 44 | B48: Todo | C48: Step 3: Arrays | D48: Medium | E48: Rearrange Array Elements by Sign | F48: Medium | G48: =HYPERLINK("https://leetcode.com/problems/rearrange-array-elements-by-sign/", "LeetCode Practice") | H48: =HYPERLINK("https://www.youtube.com/results?search_query=takeUforward+Rearrange+Array+Elements+by+Sign", "YouTube Video")
A49: 45 | B49: Todo | C49: Step 3: Arrays | D49: Medium | E49: Next Permutation | F49: Medium | G49: =HYPERLINK("https://leetcode.com/problems/next-permutation/", "LeetCode Practice") | H49: =HYPERLINK("https://www.youtube.com/results?search_query=takeUforward+Next+Permutation", "YouTube Video")
A50: 46 | B50: Todo | C50: Step 3: Arrays | D50: Medium | E50: Leaders in an Array | F50: Easy | G50: =HYPERLINK("https://leetcode.com/problems/replace-elements-with-greatest-element-on-right-side/", "LeetCode Practice") | H50: =HYPERLINK("https://www.youtube.com/results?search_query=takeUforward+Leaders+in+an+Array", "YouTube Video")
A51: 47 | B51: Todo | C51: Step 3: Arrays | D51: Medium | E51: Longest Consecutive Sequence in an Array | F51: Medium | G51: =HYPERLINK("https://leetcode.com/problems/longest-consecutive-sequence/", "LeetCode Practice") | H51: =HYPERLINK("https://www.youtube.com/results?search_query=takeUforward+Longest+Consecutive+Sequence+in+an+Array", "YouTube Video")
A52: 48 | B52: Todo | C52: Step 3: Arrays | D52: Medium | E52: Set Matrix Zeroes | F52: Medium | G52: =HYPERLINK("https://leetcode.com/problems/set-matrix-zeroes/", "LeetCode Practice") | H52: =HYPERLINK("https://www.youtube.com/results?search_query=takeUforward+Set+Matrix+Zeroes", "YouTube Video")
A53: 49 | B53: Todo | C53: Step 3: Arrays | D53: Medium | E53: Rotate Matrix by 90 degrees | F53: Medium | G53: =HYPERLINK("https://leetcode.com/problems/rotate-image/", "LeetCode Practice") | H53: =HYPERLINK("https://www.youtube.com/results?search_query=takeUforward+Rotate+Matrix+by+90+degrees", "YouTube Video")
A54: 50 | B54: Todo | C54: Step 3: Arrays | D54: Medium | E54: Print the matrix in spiral manner | F54: Medium | G54: =HYPERLINK("https://leetcode.com/problems/spiral-matrix/", "LeetCode Practice") | H54: =HYPERLINK("https://www.youtube.com/results?search_query=takeUforward+Print+the+matrix+in+spiral+manner", "YouTube Video")
A55: 51 | B55: Todo | C55: Step 3: Arrays | D55: Medium | E55: Count Subarray sum Equals K | F55: Medium | G55: =HYPERLINK("https://leetcode.com/problems/subarray-sum-equals-k/", "LeetCode Practice") | H55: =HYPERLINK("https://www.youtube.com/results?search_query=takeUforward+Count+Subarray+sum+Equals+K", "YouTube Video")
A56: 52 | B56: Todo | C56: Step 3: Arrays | D56: Hard | E56: Pascal's Triangle | F56: Easy | G56: =HYPERLINK("https://leetcode.com/problems/pascals-triangle/", "LeetCode Practice") | H56: =HYPERLINK("https://www.youtube.com/results?search_query=takeUforward+Pascal%27s+Triangle", "YouTube Video")
A57: 53 | B57: Todo | C57: Step 3: Arrays | D57: Hard | E57: Majority Elements (> n/3 times) | F57: Medium | G57: =HYPERLINK("https://leetcode.com/problems/majority-element-ii/", "LeetCode Practice") | H57: =HYPERLINK("https://www.youtube.com/results?search_query=takeUforward+Majority+Elements+%28%3E+n+3+times%29", "YouTube Video")
A58: 54 | B58: Todo | C58: Step 3: Arrays | D58: Hard | E58: 3-Sum Problem | F58: Medium | G58: =HYPERLINK("https://leetcode.com/problems/3sum/", "LeetCode Practice") | H58: =HYPERLINK("https://www.youtube.com/results?search_query=takeUforward+3-Sum+Problem", "YouTube Video")
A59: 55 | B59: Todo | C59: Step 3: Arrays | D59: Hard | E59: 4-Sum Problem | F59: Medium | G59: =HYPERLINK("https://leetcode.com/problems/4sum/", "LeetCode Practice") | H59: =HYPERLINK("https://www.youtube.com/results?search_query=takeUforward+4-Sum+Problem", "YouTube Video")
A60: 56 | B60: Todo | C60: Step 3: Arrays | D60: Hard | E60: Largest Subarray with 0 Sum | F60: Medium | G60: =HYPERLINK("https://leetcode.com/problems/contiguous-array/", "LeetCode Practice") | H60: =HYPERLINK("https://www.youtube.com/results?search_query=takeUforward+Largest+Subarray+with+0+Sum", "YouTube Video")
A61: 57 | B61: Todo | C61: Step 3: Arrays | D61: Hard | E61: Count number of subarrays with given xor K | F61: Medium | G61: =HYPERLINK("https://leetcode.com/problems/xor-queries-of-a-subarray/", "LeetCode Practice") | H61: =HYPERLINK("https://www.youtube.com/results?search_query=takeUforward+Count+number+of+subarrays+with+given+xor+K", "YouTube Video")
A62: 58 | B62: Todo | C62: Step 3: Arrays | D62: Hard | E62: Merge Overlapping Subintervals | F62: Medium | G62: =HYPERLINK("https://leetcode.com/problems/merge-intervals/", "LeetCode Practice") | H62: =HYPERLINK("https://www.youtube.com/results?search_query=takeUforward+Merge+Overlapping+Subintervals", "YouTube Video")
A63: 59 | B63: Todo | C63: Step 3: Arrays | D63: Hard | E63: Merge two sorted arrays without extra space | F63: Easy | G63: =HYPERLINK("https://leetcode.com/problems/merge-sorted-array/", "LeetCode Practice") | H63: =HYPERLINK("https://www.youtube.com/results?search_query=takeUforward+Merge+two+sorted+arrays+without+extra+space", "YouTube Video")
A64: 60 | B64: Todo | C64: Step 3: Arrays | D64: Hard | E64: Find the repeating and missing number | F64: Medium | G64: =HYPERLINK("https://leetcode.com/problems/set-mismatch/", "LeetCode Practice") | H64: =HYPERLINK("https://www.youtube.com/results?search_query=takeUforward+Find+the+repeating+and+missing+number", "YouTube Video")
A65: 61 | B65: Todo | C65: Step 3: Arrays | D65: Hard | E65: Count Inversions | F65: Hard | G65: =HYPERLINK("https://leetcode.com/problems/global-and-local-inversions/", "LeetCode Practice") | H65: =HYPERLINK("https://www.youtube.com/results?search_query=takeUforward+Count+Inversions", "YouTube Video")
A66: 62 | B66: Todo | C66: Step 3: Arrays | D66: Hard | E66: Reverse Pairs | F66: Hard | G66: =HYPERLINK("https://leetcode.com/problems/reverse-pairs/", "LeetCode Practice") | H66: =HYPERLINK("https://www.youtube.com/results?search_query=takeUforward+Reverse+Pairs", "YouTube Video")
A67: 63 | B67: Todo | C67: Step 3: Arrays | D67: Hard | E67: Maximum Product Subarray | F67: Medium | G67: =HYPERLINK("https://leetcode.com/problems/maximum-product-subarray/", "LeetCode Practice") | H67: =HYPERLINK("https://www.youtube.com/results?search_query=takeUforward+Maximum+Product+Subarray", "YouTube Video")
A68: 64 | B68: Todo | C68: Step 4: Binary Search | D68: 1D Arrays | E68: Binary Search to find X in sorted array | F68: Easy | G68: =HYPERLINK("https://leetcode.com/problems/binary-search/", "LeetCode Practice") | H68: =HYPERLINK("https://www.youtube.com/results?search_query=takeUforward+Binary+Search+to+find+X+in+sorted+array", "YouTube Video")
A69: 65 | B69: Todo | C69: Step 4: Binary Search | D69: 1D Arrays | E69: Implement Lower Bound | F69: Easy | G69: =HYPERLINK("https://leetcode.com/problems/search-insert-position/", "LeetCode Practice") | H69: =HYPERLINK("https://www.youtube.com/results?search_query=takeUforward+Implement+Lower+Bound", "YouTube Video")
A70: 66 | B70: Todo | C70: Step 4: Binary Search | D70: 1D Arrays | E70: Implement Upper Bound | F70: Easy | G70: =HYPERLINK("https://leetcode.com/problems/search-insert-position/", "LeetCode Practice") | H70: =HYPERLINK("https://www.youtube.com/results?search_query=takeUforward+Implement+Upper+Bound", "YouTube Video")
A71: 67 | B71: Todo | C71: Step 4: Binary Search | D71: 1D Arrays | E71: Search Insert Position | F71: Easy | G71: =HYPERLINK("https://leetcode.com/problems/search-insert-position/", "LeetCode Practice") | H71: =HYPERLINK("https://www.youtube.com/results?search_query=takeUforward+Search+Insert+Position", "YouTube Video")
A72: 68 | B72: Todo | C72: Step 4: Binary Search | D72: 1D Arrays | E72: Check if Input array is sorted | F72: Easy | G72: =HYPERLINK("https://leetcode.com/problems/check-if-array-is-sorted-and-rotated/", "LeetCode Practice") | H72: =HYPERLINK("https://www.youtube.com/results?search_query=takeUforward+Check+if+Input+array+is+sorted", "YouTube Video")
A73: 69 | B73: Todo | C73: Step 4: Binary Search | D73: 1D Arrays | E73: Find First and Last Position of Element in Sorted Array | F73: Medium | G73: =HYPERLINK("https://leetcode.com/problems/find-first-and-last-position-of-element-in-sorted-array/", "LeetCode Practice") | H73: =HYPERLINK("https://www.youtube.com/results?search_query=takeUforward+Find+First+and+Last+Position+of+Element+in+Sorted+Array", "YouTube Video")
A74: 70 | B74: Todo | C74: Step 4: Binary Search | D74: 1D Arrays | E74: Count Occurrences in Sorted Array | F74: Easy | G74: =HYPERLINK("https://leetcode.com/problems/find-first-and-last-position-of-element-in-sorted-array/", "LeetCode Practice") | H74: =HYPERLINK("https://www.youtube.com/results?search_query=takeUforward+Count+Occurrences+in+Sorted+Array", "YouTube Video")
A75: 71 | B75: Todo | C75: Step 4: Binary Search | D75: 1D Arrays | E75: Search in Rotated Sorted Array I | F75: Medium | G75: =HYPERLINK("https://leetcode.com/problems/search-in-rotated-sorted-array/", "LeetCode Practice") | H75: =HYPERLINK("https://www.youtube.com/results?search_query=takeUforward+Search+in+Rotated+Sorted+Array+I", "YouTube Video")
A76: 72 | B76: Todo | C76: Step 4: Binary Search | D76: 1D Arrays | E76: Search in Rotated Sorted Array II | F76: Medium | G76: =HYPERLINK("https://leetcode.com/problems/search-in-rotated-sorted-array-ii/", "LeetCode Practice") | H76: =HYPERLINK("https://www.youtube.com/results?search_query=takeUforward+Search+in+Rotated+Sorted+Array+II", "YouTube Video")
A77: 73 | B77: Todo | C77: Step 4: Binary Search | D77: 1D Arrays | E77: Find Minimum in Rotated Sorted Array | F77: Medium | G77: =HYPERLINK("https://leetcode.com/problems/find-minimum-in-rotated-sorted-array/", "LeetCode Practice") | H77: =HYPERLINK("https://www.youtube.com/results?search_query=takeUforward+Find+Minimum+in+Rotated+Sorted+Array", "YouTube Video")
A78: 74 | B78: Todo | C78: Step 4: Binary Search | D78: 1D Arrays | E78: Find how many times array has been rotated | F78: Medium | G78: =HYPERLINK("https://leetcode.com/problems/find-minimum-in-rotated-sorted-array/", "LeetCode Practice") | H78: =HYPERLINK("https://www.youtube.com/results?search_query=takeUforward+Find+how+many+times+array+has+been+rotated", "YouTube Video")
A79: 75 | B79: Todo | C79: Step 4: Binary Search | D79: 1D Arrays | E79: Single Element in a Sorted Array | F79: Medium | G79: =HYPERLINK("https://leetcode.com/problems/single-element-in-a-sorted-array/", "LeetCode Practice") | H79: =HYPERLINK("https://www.youtube.com/results?search_query=takeUforward+Single+Element+in+a+Sorted+Array", "YouTube Video")
A80: 76 | B80: Todo | C80: Step 4: Binary Search | D80: 1D Arrays | E80: Find Peak Element | F80: Medium | G80: =HYPERLINK("https://leetcode.com/problems/find-peak-element/", "LeetCode Practice") | H80: =HYPERLINK("https://www.youtube.com/results?search_query=takeUforward+Find+Peak+Element", "YouTube Video")
A81: 77 | B81: Todo | C81: Step 4: Binary Search | D81: Answers (Search Space) | E81: Find square root of a number in O(log N) | F81: Easy | G81: =HYPERLINK("https://leetcode.com/problems/sqrtx/", "LeetCode Practice") | H81: =HYPERLINK("https://www.youtube.com/results?search_query=takeUforward+Find+square+root+of+a+number+in+O%28log+N%29", "YouTube Video")
A82: 78 | B82: Todo | C82: Step 4: Binary Search | D82: Answers (Search Space) | E82: Find the Nth root of a number | F82: Medium | G82: =HYPERLINK("https://leetcode.com/problems/powx-n/", "LeetCode Practice") | H82: =HYPERLINK("https://www.youtube.com/results?search_query=takeUforward+Find+the+Nth+root+of+a+number", "YouTube Video")
A83: 79 | B83: Todo | C83: Step 4: Binary Search | D83: Answers (Search Space) | E83: Koko Eating Bananas | F83: Medium | G83: =HYPERLINK("https://leetcode.com/problems/koko-eating-bananas/", "LeetCode Practice") | H83: =HYPERLINK("https://www.youtube.com/results?search_query=takeUforward+Koko+Eating+Bananas", "YouTube Video")
A84: 80 | B84: Todo | C84: Step 4: Binary Search | D84: Answers (Search Space) | E84: Minimum days to make M bouquets | F84: Medium | G84: =HYPERLINK("https://leetcode.com/problems/minimum-number-of-days-to-make-m-bouquets/", "LeetCode Practice") | H84: =HYPERLINK("https://www.youtube.com/results?search_query=takeUforward+Minimum+days+to+make+M+bouquets", "YouTube Video")
A85: 81 | B85: Todo | C85: Step 4: Binary Search | D85: Answers (Search Space) | E85: Find the smallest divisor given a threshold | F85: Medium | G85: =HYPERLINK("https://leetcode.com/problems/find-the-smallest-divisor-given-a-threshold/", "LeetCode Practice") | H85: =HYPERLINK("https://www.youtube.com/results?search_query=takeUforward+Find+the+smallest+divisor+given+a+threshold", "YouTube Video")
A86: 82 | B86: Todo | C86: Step 4: Binary Search | D86: Answers (Search Space) | E86: Capacity to Ship Packages within D Days | F86: Medium | G86: =HYPERLINK("https://leetcode.com/problems/capacity-to-ship-packages-within-d-days/", "LeetCode Practice") | H86: =HYPERLINK("https://www.youtube.com/results?search_query=takeUforward+Capacity+to+Ship+Packages+within+D+Days", "YouTube Video")
A87: 83 | B87: Todo | C87: Step 4: Binary Search | D87: Answers (Search Space) | E87: Kth Missing Positive Number | F87: Easy | G87: =HYPERLINK("https://leetcode.com/problems/kth-missing-positive-number/", "LeetCode Practice") | H87: =HYPERLINK("https://www.youtube.com/results?search_query=takeUforward+Kth+Missing+Positive+Number", "YouTube Video")
A88: 84 | B88: Todo | C88: Step 4: Binary Search | D88: Answers (Search Space) | E88: Aggressive Cows | F88: Hard | G88: =HYPERLINK("https://leetcode.com/problems/magnetic-force-between-two-balls/", "LeetCode Practice") | H88: =HYPERLINK("https://www.youtube.com/results?search_query=takeUforward+Aggressive+Cows", "YouTube Video")
A89: 85 | B89: Todo | C89: Step 4: Binary Search | D89: Answers (Search Space) | E89: Book Allocation Problem | F89: Hard | G89: =HYPERLINK("https://leetcode.com/problems/split-array-largest-sum/", "LeetCode Practice") | H89: =HYPERLINK("https://www.youtube.com/results?search_query=takeUforward+Book+Allocation+Problem", "YouTube Video")
A90: 86 | B90: Todo | C90: Step 4: Binary Search | D90: Answers (Search Space) | E90: Split Array - Largest Sum | F90: Hard | G90: =HYPERLINK("https://leetcode.com/problems/split-array-largest-sum/", "LeetCode Practice") | H90: =HYPERLINK("https://www.youtube.com/results?search_query=takeUforward+Split+Array+-+Largest+Sum", "YouTube Video")
A91: 87 | B91: Todo | C91: Step 4: Binary Search | D91: Answers (Search Space) | E91: Painter's Partition Problem | F91: Hard | G91: =HYPERLINK("https://leetcode.com/problems/split-array-largest-sum/", "LeetCode Practice") | H91: =HYPERLINK("https://www.youtube.com/results?search_query=takeUforward+Painter%27s+Partition+Problem", "YouTube Video")
A92: 88 | B92: Todo | C92: Step 4: Binary Search | D92: Answers (Search Space) | E92: Minimize Max Distance to Gas Station | F92: Hard | G92: =HYPERLINK("https://leetcode.com/problems/minimize-max-distance-to-gas-station/", "LeetCode Practice") | H92: =HYPERLINK("https://www.youtube.com/results?search_query=takeUforward+Minimize+Max+Distance+to+Gas+Station", "YouTube Video")
A93: 89 | B93: Todo | C93: Step 4: Binary Search | D93: Answers (Search Space) | E93: Median of 2 Sorted Arrays of Different Sizes | F93: Hard | G93: =HYPERLINK("https://leetcode.com/problems/median-of-two-sorted-arrays/", "LeetCode Practice") | H93: =HYPERLINK("https://www.youtube.com/results?search_query=takeUforward+Median+of+2+Sorted+Arrays+of+Different+Sizes", "YouTube Video")
A94: 90 | B94: Todo | C94: Step 4: Binary Search | D94: Answers (Search Space) | E94: Kth Element of two sorted arrays | F94: Medium | G94: =HYPERLINK("https://leetcode.com/problems/kth-smallest-element-in-a-sorted-matrix/", "LeetCode Practice") | H94: =HYPERLINK("https://www.youtube.com/results?search_query=takeUforward+Kth+Element+of+two+sorted+arrays", "YouTube Video")
A95: 91 | B95: Todo | C95: Step 4: Binary Search | D95: 2D Arrays | E95: Find the row with maximum number of 1's | F95: Medium | G95: =HYPERLINK("https://leetcode.com/problems/row-with-maximum-ones/", "LeetCode Practice") | H95: =HYPERLINK("https://www.youtube.com/results?search_query=takeUforward+Find+the+row+with+maximum+number+of+1%27s", "YouTube Video")
A96: 92 | B96: Todo | C96: Step 4: Binary Search | D96: 2D Arrays | E96: Search in a 2D Matrix | F96: Medium | G96: =HYPERLINK("https://leetcode.com/problems/search-a-2d-matrix/", "LeetCode Practice") | H96: =HYPERLINK("https://www.youtube.com/results?search_query=takeUforward+Search+in+a+2D+Matrix", "YouTube Video")
A97: 93 | B97: Todo | C97: Step 4: Binary Search | D97: 2D Arrays | E97: Search in a Row and Column-wise Sorted Matrix | F97: Medium | G97: =HYPERLINK("https://leetcode.com/problems/search-a-2d-matrix-ii/", "LeetCode Practice") | H97: =HYPERLINK("https://www.youtube.com/results?search_query=takeUforward+Search+in+a+Row+and+Column-wise+Sorted+Matrix", "YouTube Video")
A98: 94 | B98: Todo | C98: Step 4: Binary Search | D98: 2D Arrays | E98: Find Peak Element (2D Matrix) | F98: Medium | G98: =HYPERLINK("https://leetcode.com/problems/find-a-peak-element-ii/", "LeetCode Practice") | H98: =HYPERLINK("https://www.youtube.com/results?search_query=takeUforward+Find+Peak+Element+%282D+Matrix%29", "YouTube Video")
A99: 95 | B99: Todo | C99: Step 4: Binary Search | D99: 2D Arrays | E99: Matrix Median | F99: Hard | G99: =HYPERLINK("https://leetcode.com/problems/kth-smallest-element-in-a-sorted-matrix/", "LeetCode Practice") | H99: =HYPERLINK("https://www.youtube.com/results?search_query=takeUforward+Matrix+Median", "YouTube Video")
A100: 96 | B100: Todo | C100: Step 5: Strings | D100: Basic | E100: Remove Outermost Parentheses | F100: Easy | G100: =HYPERLINK("https://leetcode.com/problems/remove-outermost-parentheses/", "LeetCode Practice") | H100: =HYPERLINK("https://www.youtube.com/results?search_query=takeUforward+Remove+Outermost+Parentheses", "YouTube Video")
A101: 97 | B101: Todo | C101: Step 5: Strings | D101: Basic | E101: Reverse Words in a String | F101: Medium | G101: =HYPERLINK("https://leetcode.com/problems/reverse-words-in-a-string/", "LeetCode Practice") | H101: =HYPERLINK("https://www.youtube.com/results?search_query=takeUforward+Reverse+Words+in+a+String", "YouTube Video")
...
